{"S_params":{"rcut":[[[6.0,6.0,6.0],[6.0,6.0,6.0],[6.0,6.0,6.0]],[[6.0,6.0],[6.0,6.0],[6.0,6.0]],[[6.0],[6.0],[6.0]],[[6.0,6.0],[6.0,6.0]],[[6.0],[6.0]],[[6.0]]],"maxdeg":[[[4,4,4],[4,4,4],[4,4,4]],[[4,4],[4,4],[4,4]],[[4],[4],[4]],[[4,4],[4,4]],[[4],[4]],[[4]]],"order":[[[2,2,2],[2,2,2],[2,2,2]],[[2,2],[2,2],[2,2]],[[2],[2],[2]],[[2,2],[2,2]],[[2],[2]],[[2]]],"reg_type":2,"reg_par":[[[1.0e-7,1.0e-7,1.0e-7],[1.0e-7,1.0e-7,1.0e-7],[1.0e-7,1.0e-7,1.0e-7]],[[1.0e-7,1.0e-7],[1.0e-7,1.0e-7],[1.0e-7,1.0e-7]],[[1.0e-7],[1.0e-7],[1.0e-7]],[[1.0e-7,1.0e-7],[1.0e-7,1.0e-7]],[[1.0e-7],[1.0e-7]],[[1.0e-7]]],"__id__":"Paramset","Solver":"LSQR"},"H_error":[[[[0.03702691374534445,0.00042885520402917193,0.0001010217823142121],[0.00042885520402917193,0.03438715792842407,0.0012141628915481508],[0.0001010217823142121,0.0012141628915481508,0.03140463650097008]],[[0.0011830406736514098,0.00021973835814957836],[0.00560924869718638,0.00040665580508841343],[0.000809579693922086,0.006881434101042956]],[[4.001545477557128e-6],[0.00040834551125990855],[0.00425064030116589]],[[0.01992526555614755,0.0007556073664800162],[0.0007556073664800162,0.02024800428537811]],[[0.0007766557074058505],[0.005665178618771278]],[[0.01672806200394293]]],[[[0.03966229264700128,0.00043510038083541936,0.00010250682088635493],[0.00043510038083541936,0.0369609120786042,0.0012541257290526937],[0.00010250682088635493,0.0012541257290526937,0.03347393436186382]],[[0.0011991561203975897,0.00022273183060915724],[0.0056712242567670094,0.0004144796664140689],[0.0008264975180977358,0.00717548925328454]],[[4.0657959242150745e-6],[0.0004167232625282631],[0.004465514463582412]],[[0.02147254570437587,0.0007871206201182512],[0.0007871206201182512,0.021756662561903447]],[[0.000792725649264625],[0.005881378350448881]],[[0.017855177019100936]]]],"H_params":{"rcut":[[[9.0,9.0,9.0],[9.0,9.0,9.0],[9.0,9.0,9.0]],[[9.0,9.0],[9.0,9.0],[9.0,9.0]],[[9.0],[9.0],[9.0]],[[9.0,9.0],[9.0,9.0]],[[9.0],[9.0]],[[9.0]]],"maxdeg":[[[10,10,10],[10,10,10],[10,10,10]],[[10,10],[10,10],[10,10]],[[10],[10],[10]],[[10,10],[10,10]],[[10],[10]],[[10]]],"order":[[[2,2,2],[2,2,2],[2,2,2]],[[2,2],[2,2],[2,2]],[[2],[2],[2]],[[2,2],[2,2]],[[2],[2]],[[2]]],"reg_type":2,"reg_par":[[[1.0e-7,1.0e-7,1.0e-7],[1.0e-7,1.0e-7,1.0e-7],[1.0e-7,1.0e-7,1.0e-7]],[[1.0e-7,1.0e-7],[1.0e-7,1.0e-7],[1.0e-7,1.0e-7]],[[1.0e-7],[1.0e-7],[1.0e-7]],[[1.0e-7,1.0e-7],[1.0e-7,1.0e-7]],[[1.0e-7],[1.0e-7]],[[1.0e-7]]],"__id__":"Paramset","Solver":"LSQR"},"S_error":[[[[0.0,9.751052157265152e-11,5.849672532017009e-11],[9.751052157265152e-11,5.1172078315565395e-8,4.508938086514823e-7],[5.849672532017009e-11,4.508938086514823e-7,0.00011869161755806109]],[[1.3822459164703048e-10,4.472109369696922e-11],[5.158511821775642e-8,5.006798743845205e-7],[1.3174528044787633e-6,0.00014191075603744004]],[[7.499557550817838e-11],[5.233643488634564e-7],[0.00014866611441304337]],[[5.6538679903169124e-8,1.4698132826956042e-6],[1.469813282785886e-6,0.00016948169536380308]],[[1.5418698181142592e-6],[0.00018287297734359147]],[[0.00019723552471868723]]],[[[0.0,1.0235050572150803e-10,6.110698174537168e-11],[1.0235050572150803e-10,5.3501762519635015e-8,4.351499235511898e-7],[6.110698174537168e-11,4.351499235511898e-7,0.00011968073983905842]],[[1.381607909623643e-10,4.4600289889899196e-11],[5.3181450130826663e-8,5.071207410469212e-7],[1.349447412580687e-6,0.00014232133642369754]],[[7.672810429834467e-11],[5.290068031307828e-7],[0.0001510999796247589]],[[5.715354784047724e-8,1.4597972355200105e-6],[1.459797378631639e-6,0.00017160087877639025]],[[1.539134617693451e-6],[0.00018271753327839797]],[[0.00019936308559699378]]]]}