{"S_params":{"rcut":[[[6.0,6.0,6.0],[6.0,6.0,6.0],[6.0,6.0,6.0]],[[6.0,6.0],[6.0,6.0],[6.0,6.0]],[[6.0],[6.0],[6.0]],[[6.0,6.0],[6.0,6.0]],[[6.0],[6.0]],[[6.0]]],"maxdeg":[[[4,4,4],[4,4,4],[4,4,4]],[[4,4],[4,4],[4,4]],[[4],[4],[4]],[[4,4],[4,4]],[[4],[4]],[[4]]],"order":[[[2,2,2],[2,2,2],[2,2,2]],[[2,2],[2,2],[2,2]],[[2],[2],[2]],[[2,2],[2,2]],[[2],[2]],[[2]]],"reg_type":2,"reg_par":[[[1.0e-7,1.0e-7,1.0e-7],[1.0e-7,1.0e-7,1.0e-7],[1.0e-7,1.0e-7,1.0e-7]],[[1.0e-7,1.0e-7],[1.0e-7,1.0e-7],[1.0e-7,1.0e-7]],[[1.0e-7],[1.0e-7],[1.0e-7]],[[1.0e-7,1.0e-7],[1.0e-7,1.0e-7]],[[1.0e-7],[1.0e-7]],[[1.0e-7]]],"__id__":"Paramset","Solver":"LSQR"},"H_error":[[[[0.03897841170070385,0.0004804992235975395,0.00011317181394945564],[0.0004804992235975395,0.03581181092381152,0.00136425093784953],[0.00011317181394945564,0.00136425093784953,0.03233108821940634]],[[0.0013287172519441859,0.000248974104186553],[0.006111274852716064,0.00046263765772171185],[0.0008821013967785591,0.008315177783617641]],[[4.5010387942609265e-6],[0.0004490699257328046],[0.005436227252304009]],[[0.021110633895712935,0.0008568502549876661],[0.0008568502549876661,0.021130372464311778]],[[0.0008138946291114989],[0.007423169926516499]],[[0.017090199897711482]]],[[[0.04186797783130229,0.0004782657890034213,0.00011268907836890076],[0.0004782657890034213,0.03858994131247483,0.0013791307743926805],[0.00011268907836890076,0.0013791307743926805,0.033534715437147505]],[[0.0013492786820806157,0.00025285231250111084],[0.006216058428829749,0.0004550935275804217],[0.0008689342176233234,0.008056729494553523]],[[4.465023843652471e-6],[0.00044724459061514616],[0.005674403357079795]],[[0.02233964855179933,0.000868147056471255],[0.000868147056471255,0.021882717573672404]],[[0.0008215096593727336],[0.007320707325974686]],[[0.01764775220540748]]]],"H_params":{"rcut":[[[9.0,9.0,9.0],[9.0,9.0,9.0],[9.0,9.0,9.0]],[[9.0,9.0],[9.0,9.0],[9.0,9.0]],[[9.0],[9.0],[9.0]],[[9.0,9.0],[9.0,9.0]],[[9.0],[9.0]],[[9.0]]],"maxdeg":[[[8,8,8],[8,8,8],[8,8,8]],[[8,8],[8,8],[8,8]],[[8],[8],[8]],[[8,8],[8,8]],[[8],[8]],[[8]]],"order":[[[2,2,2],[2,2,2],[2,2,2]],[[2,2],[2,2],[2,2]],[[2],[2],[2]],[[2,2],[2,2]],[[2],[2]],[[2]]],"reg_type":2,"reg_par":[[[1.0e-7,1.0e-7,1.0e-7],[1.0e-7,1.0e-7,1.0e-7],[1.0e-7,1.0e-7,1.0e-7]],[[1.0e-7,1.0e-7],[1.0e-7,1.0e-7],[1.0e-7,1.0e-7]],[[1.0e-7],[1.0e-7],[1.0e-7]],[[1.0e-7,1.0e-7],[1.0e-7,1.0e-7]],[[1.0e-7],[1.0e-7]],[[1.0e-7]]],"__id__":"Paramset","Solver":"LSQR"},"S_error":[[[[0.0,9.751052157265152e-11,5.849672532017009e-11],[9.751052157265152e-11,5.1172078315565395e-8,4.508938086514823e-7],[5.849672532017009e-11,4.508938086514823e-7,0.00011869161755806109]],[[1.3822459164703048e-10,4.472109369696922e-11],[5.158511821775642e-8,5.006798743845205e-7],[1.3174528044787633e-6,0.00014191075603744004]],[[7.499557550817838e-11],[5.233643488634564e-7],[0.00014866611441304337]],[[5.6538679903169124e-8,1.4698132826956042e-6],[1.469813282785886e-6,0.00016948169536380308]],[[1.5418698181142592e-6],[0.00018287297734359147]],[[0.00019723552471868723]]],[[[0.0,1.0235050572150803e-10,6.110698174537168e-11],[1.0235050572150803e-10,5.3501762519635015e-8,4.351499235511898e-7],[6.110698174537168e-11,4.351499235511898e-7,0.00011968073983905842]],[[1.381607909623643e-10,4.4600289889899196e-11],[5.3181450130826663e-8,5.071207410469212e-7],[1.349447412580687e-6,0.00014232133642369754]],[[7.672810429834467e-11],[5.290068031307828e-7],[0.0001510999796247589]],[[5.715354784047724e-8,1.4597972355200105e-6],[1.459797378631639e-6,0.00017160087877639025]],[[1.539134617693451e-6],[0.00018271753327839797]],[[0.00019936308559699378]]]]}