{"S_params":{"rcut":[[[6.0,6.0,6.0],[6.0,6.0,6.0],[6.0,6.0,6.0]],[[6.0,6.0],[6.0,6.0],[6.0,6.0]],[[6.0],[6.0],[6.0]],[[6.0,6.0],[6.0,6.0]],[[6.0],[6.0]],[[6.0]]],"maxdeg":[[[4,4,4],[4,4,4],[4,4,4]],[[4,4],[4,4],[4,4]],[[4],[4],[4]],[[4,4],[4,4]],[[4],[4]],[[4]]],"order":[[[2,2,2],[2,2,2],[2,2,2]],[[2,2],[2,2],[2,2]],[[2],[2],[2]],[[2,2],[2,2]],[[2],[2]],[[2]]],"reg_type":2,"reg_par":[[[1.0e-7,1.0e-7,1.0e-7],[1.0e-7,1.0e-7,1.0e-7],[1.0e-7,1.0e-7,1.0e-7]],[[1.0e-7,1.0e-7],[1.0e-7,1.0e-7],[1.0e-7,1.0e-7]],[[1.0e-7],[1.0e-7],[1.0e-7]],[[1.0e-7,1.0e-7],[1.0e-7,1.0e-7]],[[1.0e-7],[1.0e-7]],[[1.0e-7]]],"__id__":"Paramset","Solver":"LSQR"},"H_error":[[[[0.043631212116045356,0.0005415846642313722,0.0001374569892857105],[0.0005415846642313722,0.039330140009772384,0.0016658782658462948],[0.0001374569892857105,0.0016658782658462948,0.035297098862893825]],[[0.0014844141814902504,0.00027820668008937135],[0.006804878411980503,0.00048378443824940114],[0.0009040566902671413,0.009561999219460117]],[[5.257105710756194e-6],[0.00048177221618307263],[0.007286806101094951]],[[0.02299593232712945,0.0010287159687824236],[0.0010287159687824236,0.021859833093386793]],[[0.0008739566135087533],[0.009559921825450958]],[[0.026847986921737066]]],[[[0.04464264415783455,0.0005252208683054739,0.00013478232397730398],[0.0005252208683054739,0.040374575961118424,0.001655581964092133],[0.00013478232397730398,0.001655581964092133,0.03531789543166115]],[[0.0014961360871789166,0.0002804743459705195],[0.006838791046078789,0.0004866013650579386],[0.0008953394081442972,0.009064488623103942]],[[5.147935717279521e-6],[0.0004797438085250012],[0.0072317253552372]],[[0.023455823934407018,0.0010272266886512166],[0.0010272266886512166,0.02175450860905707]],[[0.0008669646016959762],[0.009453199346043877]],[[0.026775348511327283]]]],"H_params":{"rcut":[[[9.0,9.0,9.0],[9.0,9.0,9.0],[9.0,9.0,9.0]],[[9.0,9.0],[9.0,9.0],[9.0,9.0]],[[9.0],[9.0],[9.0]],[[9.0,9.0],[9.0,9.0]],[[9.0],[9.0]],[[9.0]]],"maxdeg":[[[6,6,6],[6,6,6],[6,6,6]],[[6,6],[6,6],[6,6]],[[6],[6],[6]],[[6,6],[6,6]],[[6],[6]],[[6]]],"order":[[[2,2,2],[2,2,2],[2,2,2]],[[2,2],[2,2],[2,2]],[[2],[2],[2]],[[2,2],[2,2]],[[2],[2]],[[2]]],"reg_type":2,"reg_par":[[[1.0e-7,1.0e-7,1.0e-7],[1.0e-7,1.0e-7,1.0e-7],[1.0e-7,1.0e-7,1.0e-7]],[[1.0e-7,1.0e-7],[1.0e-7,1.0e-7],[1.0e-7,1.0e-7]],[[1.0e-7],[1.0e-7],[1.0e-7]],[[1.0e-7,1.0e-7],[1.0e-7,1.0e-7]],[[1.0e-7],[1.0e-7]],[[1.0e-7]]],"__id__":"Paramset","Solver":"LSQR"},"S_error":[[[[0.0,9.751052157265152e-11,5.849672532017009e-11],[9.751052157265152e-11,5.1172078315565395e-8,4.508938086514823e-7],[5.849672532017009e-11,4.508938086514823e-7,0.00011869161755806109]],[[1.3822459164703048e-10,4.472109369696922e-11],[5.158511821775642e-8,5.006798743845205e-7],[1.3174528044787633e-6,0.00014191075603744004]],[[7.499557550817838e-11],[5.233643488634564e-7],[0.00014866611441304337]],[[5.6538679903169124e-8,1.4698132826956042e-6],[1.469813282785886e-6,0.00016948169536380308]],[[1.5418698181142592e-6],[0.00018287297734359147]],[[0.00019723552471868723]]],[[[0.0,1.0235050572150803e-10,6.110698174537168e-11],[1.0235050572150803e-10,5.3501762519635015e-8,4.351499235511898e-7],[6.110698174537168e-11,4.351499235511898e-7,0.00011968073983905842]],[[1.381607909623643e-10,4.4600289889899196e-11],[5.3181450130826663e-8,5.071207410469212e-7],[1.349447412580687e-6,0.00014232133642369754]],[[7.672810429834467e-11],[5.290068031307828e-7],[0.0001510999796247589]],[[5.715354784047724e-8,1.4597972355200105e-6],[1.459797378631639e-6,0.00017160087877639025]],[[1.539134617693451e-6],[0.00018271753327839797]],[[0.00019936308559699378]]]]}