{"S_params":{"rcut":[[[6.0,6.0,6.0],[6.0,6.0,6.0],[6.0,6.0,6.0]],[[6.0,6.0],[6.0,6.0],[6.0,6.0]],[[6.0],[6.0],[6.0]],[[6.0,6.0],[6.0,6.0]],[[6.0],[6.0]],[[6.0]]],"maxdeg":[[[4,4,4],[4,4,4],[4,4,4]],[[4,4],[4,4],[4,4]],[[4],[4],[4]],[[4,4],[4,4]],[[4],[4]],[[4]]],"order":[[[2,2,2],[2,2,2],[2,2,2]],[[2,2],[2,2],[2,2]],[[2],[2],[2]],[[2,2],[2,2]],[[2],[2]],[[2]]],"reg_type":2,"reg_par":[[[1.0e-7,1.0e-7,1.0e-7],[1.0e-7,1.0e-7,1.0e-7],[1.0e-7,1.0e-7,1.0e-7]],[[1.0e-7,1.0e-7],[1.0e-7,1.0e-7],[1.0e-7,1.0e-7]],[[1.0e-7],[1.0e-7],[1.0e-7]],[[1.0e-7,1.0e-7],[1.0e-7,1.0e-7]],[[1.0e-7],[1.0e-7]],[[1.0e-7]]],"__id__":"Paramset","Solver":"LSQR"},"H_error":[[[[0.03844132780693247,0.00047069041893130795,0.00011098039351662027],[0.00047069041893130795,0.035375289589479046,0.0013535709882203063],[0.00011098039351662027,0.0013535709882203063,0.03152163714189011]],[[0.0013048940801817838,0.00024594162466945804],[0.005993430961197561,0.0004245056797435104],[0.000822597778858417,0.007056964693441934]],[[4.249747818046324e-6],[0.0004376261204856683],[0.005189288182278864]],[[0.020624102352741452,0.0008199527066783553],[0.0008199527066783553,0.020609468068073834]],[[0.0008007605413334974],[0.005984356920337983]],[[0.01710455769500494]]],[[[0.041248858273847125,0.00045865110553738663,0.00010818172223652363],[0.00045865110553738663,0.03804565698093785,0.0013398385442265444],[0.00010818172223652363,0.0013398385442265444,0.03324970524543069]],[[0.00132045901905809,0.0002487282655595429],[0.00600775823876428,0.00043283745013637776],[0.0008362484042445169,0.007174458562894433]],[[4.265777470388776e-6],[0.00043975173235007126],[0.005412397998868689]],[[0.021954803108784414,0.0008229104159194698],[0.0008229104159194698,0.021602015770470776]],[[0.0008040953826066938],[0.006082987376956473]],[[0.01779924341021014]]]],"H_params":{"rcut":[[[9.0,9.0,9.0],[9.0,9.0,9.0],[9.0,9.0,9.0]],[[9.0,9.0],[9.0,9.0],[9.0,9.0]],[[9.0],[9.0],[9.0]],[[9.0,9.0],[9.0,9.0]],[[9.0],[9.0]],[[9.0]]],"maxdeg":[[[9,9,9],[9,9,9],[9,9,9]],[[9,9],[9,9],[9,9]],[[9],[9],[9]],[[9,9],[9,9]],[[9],[9]],[[9]]],"order":[[[2,2,2],[2,2,2],[2,2,2]],[[2,2],[2,2],[2,2]],[[2],[2],[2]],[[2,2],[2,2]],[[2],[2]],[[2]]],"reg_type":2,"reg_par":[[[1.0e-7,1.0e-7,1.0e-7],[1.0e-7,1.0e-7,1.0e-7],[1.0e-7,1.0e-7,1.0e-7]],[[1.0e-7,1.0e-7],[1.0e-7,1.0e-7],[1.0e-7,1.0e-7]],[[1.0e-7],[1.0e-7],[1.0e-7]],[[1.0e-7,1.0e-7],[1.0e-7,1.0e-7]],[[1.0e-7],[1.0e-7]],[[1.0e-7]]],"__id__":"Paramset","Solver":"LSQR"},"S_error":[[[[0.0,9.751052157265152e-11,5.849672532017009e-11],[9.751052157265152e-11,5.1172078315565395e-8,4.508938086514823e-7],[5.849672532017009e-11,4.508938086514823e-7,0.00011869161755806109]],[[1.3822459164703048e-10,4.472109369696922e-11],[5.158511821775642e-8,5.006798743845205e-7],[1.3174528044787633e-6,0.00014191075603744004]],[[7.499557550817838e-11],[5.233643488634564e-7],[0.00014866611441304337]],[[5.6538679903169124e-8,1.4698132826956042e-6],[1.469813282785886e-6,0.00016948169536380308]],[[1.5418698181142592e-6],[0.00018287297734359147]],[[0.00019723552471868723]]],[[[0.0,1.0235050572150803e-10,6.110698174537168e-11],[1.0235050572150803e-10,5.3501762519635015e-8,4.351499235511898e-7],[6.110698174537168e-11,4.351499235511898e-7,0.00011968073983905842]],[[1.381607909623643e-10,4.4600289889899196e-11],[5.3181450130826663e-8,5.071207410469212e-7],[1.349447412580687e-6,0.00014232133642369754]],[[7.672810429834467e-11],[5.290068031307828e-7],[0.0001510999796247589]],[[5.715354784047724e-8,1.4597972355200105e-6],[1.459797378631639e-6,0.00017160087877639025]],[[1.539134617693451e-6],[0.00018271753327839797]],[[0.00019936308559699378]]]]}