{"S_params":{"rcut":[[[6.0,6.0,6.0],[6.0,6.0,6.0],[6.0,6.0,6.0]],[[6.0,6.0],[6.0,6.0],[6.0,6.0]],[[6.0],[6.0],[6.0]],[[6.0,6.0],[6.0,6.0]],[[6.0],[6.0]],[[6.0]]],"maxdeg":[[[4,4,4],[4,4,4],[4,4,4]],[[4,4],[4,4],[4,4]],[[4],[4],[4]],[[4,4],[4,4]],[[4],[4]],[[4]]],"order":[[[2,2,2],[2,2,2],[2,2,2]],[[2,2],[2,2],[2,2]],[[2],[2],[2]],[[2,2],[2,2]],[[2],[2]],[[2]]],"reg_type":2,"reg_par":[[[1.0e-7,1.0e-7,1.0e-7],[1.0e-7,1.0e-7,1.0e-7],[1.0e-7,1.0e-7,1.0e-7]],[[1.0e-7,1.0e-7],[1.0e-7,1.0e-7],[1.0e-7,1.0e-7]],[[1.0e-7],[1.0e-7],[1.0e-7]],[[1.0e-7,1.0e-7],[1.0e-7,1.0e-7]],[[1.0e-7],[1.0e-7]],[[1.0e-7]]],"__id__":"Paramset","Solver":"LSQR"},"H_error":[[[[0.036495596915722676,0.0003951264199005929,9.225407325930376e-5],[0.0003951264199005929,0.03417815151124456,0.0011298203336658629],[9.225407325930376e-5,0.0011298203336658629,0.029909048489755237]],[[0.0010982658566359837,0.00020535886547777682],[0.005255730584763709,0.0004004162868669606],[0.0007997587800361982,0.006411404851528656]],[[3.983672273930575e-6],[0.00040355624657681383],[0.004049892983914511]],[[0.019833560486671557,0.0007338091002917707],[0.0007338091002917707,0.01985893584711419]],[[0.000744307420160365],[0.004873995969506969]],[[0.016132439813033205]]],[[[0.039540514523222,0.0004075058529846974,9.613415632195642e-5],[0.0004075058529846974,0.036721860640424986,0.0011876891577651367],[9.613415632195642e-5,0.0011876891577651367,0.03276848973867149]],[[0.0011200411192154509,0.00020989426679341046],[0.005342532480945296,0.0004093613948928061],[0.0008205295833395889,0.006733932797299671]],[[4.0563163674672016e-6],[0.0004088284383185283],[0.004288885108937695]],[[0.021294435893402422,0.0007663018492345098],[0.0007663018492345098,0.021068841222090018]],[[0.000762637163174311],[0.005090089420697155]],[[0.017027613277919233]]]],"H_params":{"rcut":[[[9.0,9.0,9.0],[9.0,9.0,9.0],[9.0,9.0,9.0]],[[9.0,9.0],[9.0,9.0],[9.0,9.0]],[[9.0],[9.0],[9.0]],[[9.0,9.0],[9.0,9.0]],[[9.0],[9.0]],[[9.0]]],"maxdeg":[[[11,11,11],[11,11,11],[11,11,11]],[[11,11],[11,11],[11,11]],[[11],[11],[11]],[[11,11],[11,11]],[[11],[11]],[[11]]],"order":[[[2,2,2],[2,2,2],[2,2,2]],[[2,2],[2,2],[2,2]],[[2],[2],[2]],[[2,2],[2,2]],[[2],[2]],[[2]]],"reg_type":2,"reg_par":[[[1.0e-7,1.0e-7,1.0e-7],[1.0e-7,1.0e-7,1.0e-7],[1.0e-7,1.0e-7,1.0e-7]],[[1.0e-7,1.0e-7],[1.0e-7,1.0e-7],[1.0e-7,1.0e-7]],[[1.0e-7],[1.0e-7],[1.0e-7]],[[1.0e-7,1.0e-7],[1.0e-7,1.0e-7]],[[1.0e-7],[1.0e-7]],[[1.0e-7]]],"__id__":"Paramset","Solver":"LSQR"},"S_error":[[[[0.0,9.751052157265152e-11,5.849672532017009e-11],[9.751052157265152e-11,5.1172078315565395e-8,4.508938086514823e-7],[5.849672532017009e-11,4.508938086514823e-7,0.00011869161755806109]],[[1.3822459164703048e-10,4.472109369696922e-11],[5.158511821775642e-8,5.006798743845205e-7],[1.3174528044787633e-6,0.00014191075603744004]],[[7.499557550817838e-11],[5.233643488634564e-7],[0.00014866611441304337]],[[5.6538679903169124e-8,1.4698132826956042e-6],[1.469813282785886e-6,0.00016948169536380308]],[[1.5418698181142592e-6],[0.00018287297734359147]],[[0.00019723552471868723]]],[[[0.0,1.0235050572150803e-10,6.110698174537168e-11],[1.0235050572150803e-10,5.3501762519635015e-8,4.351499235511898e-7],[6.110698174537168e-11,4.351499235511898e-7,0.00011968073983905842]],[[1.381607909623643e-10,4.4600289889899196e-11],[5.3181450130826663e-8,5.071207410469212e-7],[1.349447412580687e-6,0.00014232133642369754]],[[7.672810429834467e-11],[5.290068031307828e-7],[0.0001510999796247589]],[[5.715354784047724e-8,1.4597972355200105e-6],[1.459797378631639e-6,0.00017160087877639025]],[[1.539134617693451e-6],[0.00018271753327839797]],[[0.00019936308559699378]]]]}