{"S_params":{"rcut":[[[10.0,10.0,10.0],[10.0,10.0,10.0],[10.0,10.0,10.0]],[[10.0,10.0],[10.0,10.0],[10.0,10.0]],[[10.0],[10.0],[10.0]],[[10.0,10.0,10.0],[10.0,10.0,10.0]],[[10.0,10.0],[10.0,10.0]],[[10.0],[10.0]],[[10.0,10.0,10.0]],[[10.0,10.0]],[[10.0]]],"maxdeg":[[[16,16,16],[16,16,16],[16,16,16]],[[16,16],[16,16],[16,16]],[[16],[16],[16]],[[16,16,16],[16,16,16]],[[16,16],[16,16]],[[16],[16]],[[16,16,16]],[[16,16]],[[16]]],"order":[[[1,1,1],[1,1,1],[1,1,1]],[[1,1],[1,1],[1,1]],[[1],[1],[1]],[[1,1,1],[1,1,1]],[[1,1],[1,1]],[[1],[1]],[[1,1,1]],[[1,1]],[[1]]],"reg_type":2,"reg_par":[[[1.0e-7,1.0e-7,1.0e-7],[1.0e-7,1.0e-7,1.0e-7],[1.0e-7,1.0e-7,1.0e-7]],[[1.0e-7,1.0e-7],[1.0e-7,1.0e-7],[1.0e-7,1.0e-7]],[[1.0e-7],[1.0e-7],[1.0e-7]],[[1.0e-7,1.0e-7,1.0e-7],[1.0e-7,1.0e-7,1.0e-7]],[[1.0e-7,1.0e-7],[1.0e-7,1.0e-7]],[[1.0e-7],[1.0e-7]],[[1.0e-7,1.0e-7,1.0e-7]],[[1.0e-7,1.0e-7]],[[1.0e-7]]],"__id__":"Paramset","Solver":"LSQR"},"H_error":[[[[0.0,1.7969104877864788e-7,0.001384905018201753],[1.7997342222179295e-7,1.0343536946962428e-6,0.0003401117507509177],[0.001385762903371872,0.00034000129683570964,0.0028634984158939993]],[[8.194971483938163e-7,0.005479159021025453],[1.7885773035982147e-6,0.0012092582361684656],[0.0002816697187698976,0.004213585176980051]],[[0.004947028625364895],[0.0012721995317400605],[0.0031721379818263097]],[[8.219194409541888e-7,1.7888607167602724e-6,0.0002923092756146769],[0.005479023096456592,0.0012074373781374617,0.003885916368578151]],[[2.622773091378202e-6,0.001002560031431118],[0.0010008018094747227,0.0037430802328901835]],[[0.0007752470793060427],[0.0031501623934277675]],[[0.004947028625364895,0.0012721995317400605,0.0031721379818263097]],[[0.0007729029253572853,0.006952489178986523]],[[0.007420866009300752]]],[[[0.0,4.5500642427793305e-7,0.0014545107434148527],[4.51560234141395e-7,2.2186794255762647e-6,0.0003931191673950064],[0.0014483032146593783,0.00034492581826033855,0.0026440192171663796]],[[8.538804419135756e-7,0.004830415190059806],[2.0188476947785737e-6,0.0013967449680442178],[0.00026806283851791185,0.003324029560363909]],[[0.0042115462233231265],[0.0009743119326738955],[0.0023187496284426813]],[[8.565779410678287e-7,2.043284489949107e-6,0.00024513543263577665],[0.004808341775469389,0.0012584232391136157,0.0032782200173090167]],[[2.2461869575858264e-6,0.000978321336016724],[0.000984585559525826,0.003486204242383133]],[[0.0007499972702977061],[0.0029242017031373708]],[[0.0042115462233231265,0.0009743119326738955,0.0023187496284426813]],[[0.0007600682913492551,0.005399677500144556]],[[0.005331398445200923]]]],"H_params":{"rcut":[[[10.0,10.0,10.0],[10.0,10.0,10.0],[10.0,10.0,10.0]],[[10.0,10.0],[10.0,10.0],[10.0,10.0]],[[10.0],[10.0],[10.0]],[[10.0,10.0,10.0],[10.0,10.0,10.0]],[[10.0,10.0],[10.0,10.0]],[[10.0],[10.0]],[[10.0,10.0,10.0]],[[10.0,10.0]],[[10.0]]],"maxdeg":[[[14,14,14],[14,14,14],[14,14,9]],[[14,14],[14,14],[12,10]],[[14],[14],[11]],[[14,14,12],[14,14,10]],[[13,13],[13,13]],[[14],[14]],[[14,14,11]],[[14,14]],[[14]]],"order":[[[1,1,1],[1,1,1],[1,1,1]],[[1,1],[1,1],[1,1]],[[1],[1],[1]],[[1,1,1],[1,1,1]],[[1,1],[1,1]],[[1],[1]],[[1,1,1]],[[1,1]],[[1]]],"reg_type":2,"reg_par":[[[1.0e-7,1.0e-7,1.0e-7],[1.0e-7,1.0e-7,1.0e-7],[1.0e-7,1.0e-7,1.0e-7]],[[1.0e-7,1.0e-7],[1.0e-7,1.0e-7],[1.0e-7,1.0e-7]],[[1.0e-7],[1.0e-7],[1.0e-7]],[[1.0e-7,1.0e-7,1.0e-7],[1.0e-7,1.0e-7,1.0e-7]],[[1.0e-7,1.0e-7],[1.0e-7,1.0e-7]],[[1.0e-7],[1.0e-7]],[[1.0e-7,1.0e-7,1.0e-7]],[[1.0e-7,1.0e-7]],[[1.0e-7]]],"__id__":"Paramset","Solver":"LSQR"},"S_error":[[[[0.0,1.2908095485733333e-9,2.7569147345615892e-5],[1.2908095307425623e-9,2.0914641165953498e-8,8.439454550403683e-5],[2.7569147167024782e-5,8.439152621652589e-5,8.697346231092512e-5]],[[3.8530206203196295e-9,0.0001068976971284844],[1.7926089035334826e-8,0.00033135094536252855],[8.494070470696262e-5,0.00018909478008773638]],[[0.0001185658355044779],[0.00036055603748173554],[0.00021632584849723546]],[[3.853020803770612e-9,2.0730230552312705e-8,8.494542009441225e-5],[0.00010689769702134992,0.0003313455442982488,0.00018979149497254825]],[[6.703642817381653e-8,0.00035450276364059046],[0.00035449160396881237,0.0001866846371408463]],[[0.00031331569731001246],[0.0001717121116944495]],[[0.0001185658355044779,0.00036055603748173554,0.00021632584849723546]],[[0.0003133049390082811,0.00017187116647177303]],[[0.00034881673168490326]]],[[[0.0,8.355591392844893e-10,1.4135075933962566e-5],[8.355576986024477e-10,1.1931666995372343e-8,4.2464130533651554e-5],[1.4135098876987016e-5,4.246374434236324e-5,4.4436531235928646e-5]],[[1.7939846368214342e-9,5.4598184017758e-5],[8.385917882399079e-9,0.0001675399844239762],[5.21832247023621e-5,9.804315973057861e-5]],[[6.567433840477518e-5],[0.00019667258987730147],[0.00011906919454345122]],[[1.7939948723900682e-9,9.812315012535975e-9,5.21834297644938e-5],[5.459818640861426e-5,0.00016753935746012167,9.817491148876746e-5]],[[3.307589293455787e-8,0.00021498887710209825],[0.0002149893836062886,0.00010982811210620508]],[[0.0001911077126852428],[9.606852467176674e-5]],[[6.567433840477518e-5,0.00019667258987730147,0.00011906919454345122]],[[0.000191106849707745,9.594622831311613e-5]],[[0.0001771928789280757]]]]}