{"S_params":{"rcut":[[[10.0,10.0,10.0],[10.0,10.0,10.0],[10.0,10.0,10.0]],[[10.0,10.0],[10.0,10.0],[10.0,10.0]],[[10.0],[10.0],[10.0]],[[10.0,10.0,10.0],[10.0,10.0,10.0]],[[10.0,10.0],[10.0,10.0]],[[10.0],[10.0]],[[10.0,10.0,10.0]],[[10.0,10.0]],[[10.0]]],"maxdeg":[[[10,10,10],[10,10,10],[10,10,10]],[[10,10],[10,10],[10,10]],[[10],[10],[10]],[[10,10,10],[10,10,10]],[[10,10],[10,10]],[[10],[10]],[[10,10,10]],[[10,10]],[[10]]],"order":[[[1,1,1],[1,1,1],[1,1,1]],[[1,1],[1,1],[1,1]],[[1],[1],[1]],[[1,1,1],[1,1,1]],[[1,1],[1,1]],[[1],[1]],[[1,1,1]],[[1,1]],[[1]]],"reg_type":2,"reg_par":[[[1.0e-7,1.0e-7,1.0e-7],[1.0e-7,1.0e-7,1.0e-7],[1.0e-7,1.0e-7,1.0e-7]],[[1.0e-7,1.0e-7],[1.0e-7,1.0e-7],[1.0e-7,1.0e-7]],[[1.0e-7],[1.0e-7],[1.0e-7]],[[1.0e-7,1.0e-7,1.0e-7],[1.0e-7,1.0e-7,1.0e-7]],[[1.0e-7,1.0e-7],[1.0e-7,1.0e-7]],[[1.0e-7],[1.0e-7]],[[1.0e-7,1.0e-7,1.0e-7]],[[1.0e-7,1.0e-7]],[[1.0e-7]]],"__id__":"Paramset","Solver":"LSQR"},"H_error":[[[[0.0,5.782490978310236e-7,0.003979821680838394],[5.741718997494344e-7,2.5041797490696623e-6,0.0015200168011505516],[0.003980678641761209,0.0015140630135967337,0.0031471053994011683]],[[1.8121826344129752e-6,0.017042360832023512],[3.690708111372726e-6,0.0061056861876853516],[0.0006084636914415293,0.007197573758591891]],[[0.014714836488207591],[0.005422266273371754],[0.010733351526394035]],[[1.8189212596636e-6,3.677119220316534e-6,0.0006347138441737902],[0.017043001485553017,0.006102219246719858,0.0058897624568580555]],[[6.587713202235099e-6,0.0030244097223399956],[0.0030488302183959114,0.016439519292829937]],[[0.002693165261745693],[0.024549372697429118]],[[0.014714836488207591,0.005422266273371754,0.010733351526394035]],[[0.002665608913398097,0.03328153170765817]],[[0.046638528846585946]]],[[[0.0,8.350883769755283e-7,0.0031143512459021827],[8.278506349006004e-7,3.6600400774138867e-6,0.001315911836075032],[0.0031135611524266194,0.0013361880820094455,0.004054725459912817]],[[2.2683918014874276e-6,0.011422221551429012],[4.537647455275901e-6,0.004407448485321255],[0.0004613356589794974,0.005986481781988]],[[0.00949950978373828],[0.0036375726509715028],[0.00792709074468588]],[[2.280407768605663e-6,4.488509566159857e-6,0.0004948427177125635],[0.011421062201576933,0.004415045134873173,0.004947270613180791]],[[7.247667163051943e-6,0.002053114811702703],[0.0020759457031048604,0.011249745425354642]],[[0.0017620863893544343],[0.01779501172776315]],[[0.00949950978373828,0.0036375726509715028,0.00792709074468588]],[[0.0017565092656339643,0.024307779289799894]],[[0.03447289726763252]]]],"H_params":{"rcut":[[[10.0,10.0,10.0],[10.0,10.0,10.0],[10.0,10.0,10.0]],[[10.0,10.0],[10.0,10.0],[10.0,10.0]],[[10.0],[10.0],[10.0]],[[10.0,10.0,10.0],[10.0,10.0,10.0]],[[10.0,10.0],[10.0,10.0]],[[10.0],[10.0]],[[10.0,10.0,10.0]],[[10.0,10.0]],[[10.0]]],"maxdeg":[[[8,8,8],[8,8,8],[8,8,8]],[[8,8],[8,8],[8,8]],[[8],[8],[8]],[[8,8,8],[8,8,8]],[[8,8],[8,8]],[[8],[8]],[[8,8,8]],[[8,8]],[[8]]],"order":[[[1,1,1],[1,1,1],[1,1,1]],[[1,1],[1,1],[1,1]],[[1],[1],[1]],[[1,1,1],[1,1,1]],[[1,1],[1,1]],[[1],[1]],[[1,1,1]],[[1,1]],[[1]]],"reg_type":2,"reg_par":[[[1.0e-7,1.0e-7,1.0e-7],[1.0e-7,1.0e-7,1.0e-7],[1.0e-7,1.0e-7,1.0e-7]],[[1.0e-7,1.0e-7],[1.0e-7,1.0e-7],[1.0e-7,1.0e-7]],[[1.0e-7],[1.0e-7],[1.0e-7]],[[1.0e-7,1.0e-7,1.0e-7],[1.0e-7,1.0e-7,1.0e-7]],[[1.0e-7,1.0e-7],[1.0e-7,1.0e-7]],[[1.0e-7],[1.0e-7]],[[1.0e-7,1.0e-7,1.0e-7]],[[1.0e-7,1.0e-7]],[[1.0e-7]]],"__id__":"Paramset","Solver":"LSQR"},"S_error":[[[[0.0,2.325005766984708e-9,6.780169245742886e-5],[2.3250062086287313e-9,3.639681370688834e-8,0.0003203847812405633],[6.780169286343839e-5,0.0003203800362398802,0.0003177935517449067]],[[6.707356444761698e-9,0.0002730399913270632],[6.972912787590068e-8,0.0013142287559220706],[0.00023826438845511123,0.0007635116460301048]],[[0.00025311905916085574],[0.0015251322188990478],[0.0013123015513338717]],[[6.707356889086348e-9,6.11574262709455e-8,0.00023826799533256513],[0.0002730399915840693,0.0013142246229870128,0.0007634708387755123]],[[1.4626655014290915e-7,0.0009661217266870314],[0.0009661131657641478,0.0016741286451430852]],[[0.0008252485604790696],[0.0016111411792723378]],[[0.00025311905916085574,0.0015251322188990478,0.0013123015513338717]],[[0.0008252399688832066,0.0016111062335019903]],[[0.003515718266922886]]],[[[0.0,1.5834911761042438e-9,4.027039302741766e-5],[1.5834876948165029e-9,2.3108638249738647e-8,0.00018970640095382547],[4.027035501404946e-5,0.00018970991169572527,0.00018608395709602104]],[[3.307636339305905e-9,0.00016183947423818105],[3.425358194863228e-8,0.0007759743595234816],[0.00013090463831460041,0.0004524880640806607]],[[0.00015112735293769053],[0.0008650229059441026],[0.0007463310672074087]],[[3.3076365254848363e-9,3.7036269051406586e-8,0.00013090783669916358],[0.00016183932310455921,0.0007759776211835807,0.0004522940064403559]],[[7.888715501008465e-8,0.0005406005367357224],[0.0005405948492846514,0.0009564081067415205]],[[0.00046452258988446016],[0.0009010693459601815]],[[0.00015112735293769053,0.0008650229059441026,0.0007463310672074087]],[[0.0004645207463942703,0.000901001634435069]],[[0.0021609093937365676]]]]}