{"S_params":{"rcut":[[[10.0,10.0,10.0],[10.0,10.0,10.0],[10.0,10.0,10.0]],[[10.0,10.0],[10.0,10.0],[10.0,10.0]],[[10.0],[10.0],[10.0]],[[10.0,10.0,10.0],[10.0,10.0,10.0]],[[10.0,10.0],[10.0,10.0]],[[10.0],[10.0]],[[10.0,10.0,10.0]],[[10.0,10.0]],[[10.0]]],"maxdeg":[[[15,15,15],[15,15,15],[15,15,15]],[[15,15],[15,15],[15,15]],[[15],[15],[15]],[[15,15,15],[15,15,15]],[[15,15],[15,15]],[[15],[15]],[[15,15,15]],[[15,15]],[[15]]],"order":[[[1,1,1],[1,1,1],[1,1,1]],[[1,1],[1,1],[1,1]],[[1],[1],[1]],[[1,1,1],[1,1,1]],[[1,1],[1,1]],[[1],[1]],[[1,1,1]],[[1,1]],[[1]]],"reg_type":2,"reg_par":[[[1.0e-7,1.0e-7,1.0e-7],[1.0e-7,1.0e-7,1.0e-7],[1.0e-7,1.0e-7,1.0e-7]],[[1.0e-7,1.0e-7],[1.0e-7,1.0e-7],[1.0e-7,1.0e-7]],[[1.0e-7],[1.0e-7],[1.0e-7]],[[1.0e-7,1.0e-7,1.0e-7],[1.0e-7,1.0e-7,1.0e-7]],[[1.0e-7,1.0e-7],[1.0e-7,1.0e-7]],[[1.0e-7],[1.0e-7]],[[1.0e-7,1.0e-7,1.0e-7]],[[1.0e-7,1.0e-7]],[[1.0e-7]]],"__id__":"Paramset","Solver":"LSQR"},"H_error":[[[[0.0,1.7730440915552175e-7,0.0015475597136460663],[1.7726515834132348e-7,1.027793429176651e-6,0.00041379060600251096],[0.0015755057644955568,0.0004103660452947518,0.0016155876822705232]],[[8.627893724085544e-7,0.0062423128932193196],[1.894683614750482e-6,0.0016346835115589539],[0.0002576202916691318,0.002140397238697717]],[[0.006244990202457717],[0.0017363628867401498],[0.0019109534039655634]],[[8.656016150329207e-7,1.8880892067695622e-6,0.0002556764697213523],[0.006245344344828487,0.0016372950656465186,0.0020355905394863036]],[[2.622773091378202e-6,0.001002560031431118],[0.0010008018094747227,0.0037430802328901835]],[[0.0009471093479451225],[0.003932704264199448]],[[0.006244990202457717,0.0017363628867401498,0.0019109534039655634]],[[0.0009403552544380157,0.008852379192904873]],[[0.010612637985351493]]],[[[0.0,3.6876464897146235e-7,0.0017099785487139675],[3.693803256903768e-7,2.0946064225542586e-6,0.0007369603943945043],[0.001743701479035826,0.0006683072379824826,0.005127054708130715]],[[1.8345432382683046e-6,0.007023854307572549],[4.049220923193282e-6,0.0021368473777750403],[0.0003448916022666684,0.005067217605610226]],[[0.007620529160143888],[0.002281082399808223],[0.003089450345880767]],[[1.8487675320124977e-6,4.088149029517441e-6,0.00035332222026473754],[0.007031448504898069,0.0020509910589688813,0.004953626235844724]],[[4.145936397641394e-6,0.0011024539027273065],[0.0010990580493499492,0.004570449217531488]],[[0.0009889070478919183],[0.00389629282832668]],[[0.007620529160143888,0.002281082399808223,0.003089450345880767]],[[0.0009910490552818832,0.008867271176537548]],[[0.008073276986100228]]]],"H_params":{"rcut":[[[10.0,10.0,10.0],[10.0,10.0,10.0],[10.0,10.0,10.0]],[[10.0,10.0],[10.0,10.0],[10.0,10.0]],[[10.0],[10.0],[10.0]],[[10.0,10.0,10.0],[10.0,10.0,10.0]],[[10.0,10.0],[10.0,10.0]],[[10.0],[10.0]],[[10.0,10.0,10.0]],[[10.0,10.0]],[[10.0]]],"maxdeg":[[[13,13,13],[13,13,13],[13,13,13]],[[13,13],[13,13],[13,13]],[[13],[13],[13]],[[13,13,13],[13,13,13]],[[13,13],[13,13]],[[13],[13]],[[13,13,13]],[[13,13]],[[13]]],"order":[[[1,1,1],[1,1,1],[1,1,1]],[[1,1],[1,1],[1,1]],[[1],[1],[1]],[[1,1,1],[1,1,1]],[[1,1],[1,1]],[[1],[1]],[[1,1,1]],[[1,1]],[[1]]],"reg_type":2,"reg_par":[[[1.0e-7,1.0e-7,1.0e-7],[1.0e-7,1.0e-7,1.0e-7],[1.0e-7,1.0e-7,1.0e-7]],[[1.0e-7,1.0e-7],[1.0e-7,1.0e-7],[1.0e-7,1.0e-7]],[[1.0e-7],[1.0e-7],[1.0e-7]],[[1.0e-7,1.0e-7,1.0e-7],[1.0e-7,1.0e-7,1.0e-7]],[[1.0e-7,1.0e-7],[1.0e-7,1.0e-7]],[[1.0e-7],[1.0e-7]],[[1.0e-7,1.0e-7,1.0e-7]],[[1.0e-7,1.0e-7]],[[1.0e-7]]],"__id__":"Paramset","Solver":"LSQR"},"S_error":[[[[0.0,2.0237709488472116e-9,3.7381112539055955e-5],[2.0237711058741527e-9,5.075563244456535e-8,0.00011575075081452432],[3.738111270589341e-5,0.00011575220191971047,0.00012355187614138235]],[[4.042698973969914e-9,0.00014359844037461106],[5.910447164482546e-8,0.0004396226055003116],[9.437714353423298e-5,0.0002580097564701124]],[[0.00011311299032607826],[0.0003316720500086937],[0.00019830915619092201]],[[4.042699305010571e-9,5.910648667688396e-8,9.438449332242352e-5],[0.00014359844069275693,0.0004396228117836029,0.00025836291005864985]],[[6.565283384499708e-8,0.00040871118356498485],[0.0004087008710236045,0.00019032696119416085]],[[0.0004093358908998621],[0.00035564064364805115]],[[0.00011311299032607826,0.0003316720500086937,0.00019830915619092201]],[[0.00040933483005569006,0.00035589910602661697]],[[0.00046078280012362737]]],[[[0.0,1.1489176227144459e-9,2.175339518859784e-5],[1.1489177648074955e-9,3.469193717913635e-8,6.49680515529699e-5],[2.175358744381537e-5,6.496430096922728e-5,7.05426878338028e-5]],[[2.3740595547991293e-9,8.337682423290011e-5],[4.175709082209118e-8,0.0002455719920496719],[5.561364114511625e-5,0.00014345952170284745]],[[6.545459338963311e-5],[0.00018811483548428375],[0.00011216682597771775]],[[2.3740623541904803e-9,4.176489788969216e-8,5.561470654915203e-5],[8.337691602560504e-5,0.0002455678133748022,0.00014367932356500822]],[[4.3055384509462386e-8,0.00024612824703678813],[0.00024612616387718417,0.00010888805397874383]],[[0.00022992142755479117],[0.00020744614387711654]],[[6.545459338963311e-5,0.00018811483548428375,0.00011216682597771775]],[[0.00022990959308886647,0.00020747700100544474]],[[0.0002556119408372391]]]]}