{"S_params":{"rcut":[[[10.0,10.0,10.0],[10.0,10.0,10.0],[10.0,10.0,10.0]],[[10.0,10.0],[10.0,10.0],[10.0,10.0]],[[10.0],[10.0],[10.0]],[[10.0,10.0,10.0],[10.0,10.0,10.0]],[[10.0,10.0],[10.0,10.0]],[[10.0],[10.0]],[[10.0,10.0,10.0]],[[10.0,10.0]],[[10.0]]],"maxdeg":[[[16,16,16],[16,16,16],[16,16,16]],[[16,16],[16,16],[16,16]],[[16],[16],[16]],[[16,16,16],[16,16,16]],[[16,16],[16,16]],[[16],[16]],[[16,16,16]],[[16,16]],[[16]]],"order":[[[1,1,1],[1,1,1],[1,1,1]],[[1,1],[1,1],[1,1]],[[1],[1],[1]],[[1,1,1],[1,1,1]],[[1,1],[1,1]],[[1],[1]],[[1,1,1]],[[1,1]],[[1]]],"reg_type":2,"reg_par":[[[1.0e-7,1.0e-7,1.0e-7],[1.0e-7,1.0e-7,1.0e-7],[1.0e-7,1.0e-7,1.0e-7]],[[1.0e-7,1.0e-7],[1.0e-7,1.0e-7],[1.0e-7,1.0e-7]],[[1.0e-7],[1.0e-7],[1.0e-7]],[[1.0e-7,1.0e-7,1.0e-7],[1.0e-7,1.0e-7,1.0e-7]],[[1.0e-7,1.0e-7],[1.0e-7,1.0e-7]],[[1.0e-7],[1.0e-7]],[[1.0e-7,1.0e-7,1.0e-7]],[[1.0e-7,1.0e-7]],[[1.0e-7]]],"__id__":"Paramset","Solver":"LSQR"},"H_error":[[[[0.0,1.7969104877864788e-7,0.001384905018201753],[1.7997342222179295e-7,1.0343536946962428e-6,0.0003401117507509177],[0.001385762903371872,0.00034000129683570964,0.0014025896912785668]],[[8.194971483938163e-7,0.005479159021025453],[1.7885773035982147e-6,0.0012092582361684656],[0.00020476897955877204,0.0019118037654076937]],[[0.004947028625364895],[0.0012721995317400605],[0.0017270143281056085]],[[8.219194409541888e-7,1.7888607167602724e-6,0.00020485894831181615],[0.005479023096456592,0.0012074373781374617,0.0018559150099611973]],[[2.457842416479265e-6,0.0008663391526050569],[0.0008661793046373037,0.003049485362012386]],[[0.0007752470793060427],[0.0031501623934277675]],[[0.004947028625364895,0.0012721995317400605,0.0017270143281056085]],[[0.0007729029253572853,0.006952489178986523]],[[0.007420866009300752]]],[[[0.0,5.78257865710834e-7,0.0016712406763228383],[5.783501665879368e-7,3.022278186520537e-6,0.0006947711450411766],[0.0016652429900648911,0.0006366123615443742,0.005825106468630005]],[[1.6245337908128931e-6,0.0053230743096028],[3.7407309069245713e-6,0.0018757848997354744],[0.0004314947383938045,0.005434154765994862]],[[0.005303852051263355],[0.0017376091213954369],[0.0032727248928356416]],[[1.6375010807767513e-6,3.738344455741931e-6,0.0004319174188097584],[0.005308667781880501,0.001760843026932131,0.005497798080573819]],[[5.0215114688457546e-6,0.0011885934126461895],[0.001203802835755756,0.00457501078763986]],[[0.0009533303167151417],[0.0038771419090153766]],[[0.005303852051263355,0.0017376091213954369,0.0032727248928356416]],[[0.0009533693765775336,0.006504772579412638]],[[0.006839308389376499]]]],"H_params":{"rcut":[[[10.0,10.0,10.0],[10.0,10.0,10.0],[10.0,10.0,10.0]],[[10.0,10.0],[10.0,10.0],[10.0,10.0]],[[10.0],[10.0],[10.0]],[[10.0,10.0,10.0],[10.0,10.0,10.0]],[[10.0,10.0],[10.0,10.0]],[[10.0],[10.0]],[[10.0,10.0,10.0]],[[10.0,10.0]],[[10.0]]],"maxdeg":[[[14,14,14],[14,14,14],[14,14,14]],[[14,14],[14,14],[14,14]],[[14],[14],[14]],[[14,14,14],[14,14,14]],[[14,14],[14,14]],[[14],[14]],[[14,14,14]],[[14,14]],[[14]]],"order":[[[1,1,1],[1,1,1],[1,1,1]],[[1,1],[1,1],[1,1]],[[1],[1],[1]],[[1,1,1],[1,1,1]],[[1,1],[1,1]],[[1],[1]],[[1,1,1]],[[1,1]],[[1]]],"reg_type":2,"reg_par":[[[1.0e-7,1.0e-7,1.0e-7],[1.0e-7,1.0e-7,1.0e-7],[1.0e-7,1.0e-7,1.0e-7]],[[1.0e-7,1.0e-7],[1.0e-7,1.0e-7],[1.0e-7,1.0e-7]],[[1.0e-7],[1.0e-7],[1.0e-7]],[[1.0e-7,1.0e-7,1.0e-7],[1.0e-7,1.0e-7,1.0e-7]],[[1.0e-7,1.0e-7],[1.0e-7,1.0e-7]],[[1.0e-7],[1.0e-7]],[[1.0e-7,1.0e-7,1.0e-7]],[[1.0e-7,1.0e-7]],[[1.0e-7]]],"__id__":"Paramset","Solver":"LSQR"},"S_error":[[[[0.0,1.2908095485733333e-9,2.7569147345615892e-5],[1.2908095307425623e-9,2.0914641165953498e-8,8.439454550403683e-5],[2.7569147167024782e-5,8.439152621652589e-5,8.697346231092512e-5]],[[3.8530206203196295e-9,0.0001068976971284844],[1.7926089035334826e-8,0.00033135094536252855],[8.494070470696262e-5,0.00018909478008773638]],[[0.0001185658355044779],[0.00036055603748173554],[0.00021632584849723546]],[[3.853020803770612e-9,2.0730230552312705e-8,8.494542009441225e-5],[0.00010689769702134992,0.0003313455442982488,0.00018979149497254825]],[[6.703642817381653e-8,0.00035450276364059046],[0.00035449160396881237,0.0001866846371408463]],[[0.00031331569731001246],[0.0001717121116944495]],[[0.0001185658355044779,0.00036055603748173554,0.00021632584849723546]],[[0.0003133049390082811,0.00017187116647177303]],[[0.00034881673168490326]]],[[[0.0,7.434335137367725e-10,1.725738830654572e-5],[7.434367091990717e-10,1.5277147234380898e-8,5.372614100508836e-5],[1.7257457500232106e-5,5.3724157349257324e-5,5.709606866749839e-5]],[[2.024834292796682e-9,6.706332999615396e-5],[1.3990807866919808e-8,0.00021001826413026594],[4.532405831184871e-5,0.00012031536323703335]],[[6.889559106121112e-5],[0.00020173471780486957],[0.00012060506797300117]],[[2.0248560626096607e-9,1.525616663495844e-8,4.532437725470971e-5],[6.706334693610282e-5,0.00021001712824287008,0.00012011389417271654]],[[4.439158177568402e-8,0.00020680675241384463],[0.0002068067864961489,0.00010193123909892822]],[[0.00018319048561589107],[0.00010414236670345049]],[[6.889559106121112e-5,0.00020173471780486957,0.00012060506797300117]],[[0.00018318931055565958,0.00010433474153725397]],[[0.00020625748933335045]]]]}