{"S_params":{"rcut":[[[10.0,10.0,10.0],[10.0,10.0,10.0],[10.0,10.0,10.0]],[[10.0,10.0],[10.0,10.0],[10.0,10.0]],[[10.0],[10.0],[10.0]],[[10.0,10.0,10.0],[10.0,10.0,10.0]],[[10.0,10.0],[10.0,10.0]],[[10.0],[10.0]],[[10.0,10.0,10.0]],[[10.0,10.0]],[[10.0]]],"maxdeg":[[[8,8,8],[8,8,8],[8,8,8]],[[8,8],[8,8],[8,8]],[[8],[8],[8]],[[8,8,8],[8,8,8]],[[8,8],[8,8]],[[8],[8]],[[8,8,8]],[[8,8]],[[8]]],"order":[[[1,1,1],[1,1,1],[1,1,1]],[[1,1],[1,1],[1,1]],[[1],[1],[1]],[[1,1,1],[1,1,1]],[[1,1],[1,1]],[[1],[1]],[[1,1,1]],[[1,1]],[[1]]],"reg_type":2,"reg_par":[[[1.0e-7,1.0e-7,1.0e-7],[1.0e-7,1.0e-7,1.0e-7],[1.0e-7,1.0e-7,1.0e-7]],[[1.0e-7,1.0e-7],[1.0e-7,1.0e-7],[1.0e-7,1.0e-7]],[[1.0e-7],[1.0e-7],[1.0e-7]],[[1.0e-7,1.0e-7,1.0e-7],[1.0e-7,1.0e-7,1.0e-7]],[[1.0e-7,1.0e-7],[1.0e-7,1.0e-7]],[[1.0e-7],[1.0e-7]],[[1.0e-7,1.0e-7,1.0e-7]],[[1.0e-7,1.0e-7]],[[1.0e-7]]],"__id__":"Paramset","Solver":"LSQR"},"H_error":[[[[0.0,1.250705147869952e-6,0.005701496980689587],[1.1873952683846608e-6,5.061275199699103e-6,0.0023469647821553826],[0.005703575985960509,0.002351413441344995,0.00461978323171999]],[[3.4513581724135274e-6,0.026715808502208487],[6.667684292795716e-6,0.01175273187099242],[0.0009306862480254721,0.011544065996515194]],[[0.0262424653210944],[0.011737497668549195],[0.019489411054577306]],[[3.4489930364282214e-6,6.666246121944996e-6,0.0009443962935697966],[0.026714903656535352,0.011688491927554643,0.010425171627656613]],[[1.3730096261566071e-5,0.004168654966150357],[0.004158024679009058,0.025553876220125695]],[[0.0038738819757956817],[0.041318736953770197]],[[0.0262424653210944,0.011737497668549195,0.019489411054577306]],[[0.003876766698301124,0.04952951534385033]],[[0.07701337899748051]]],[[[0.0,1.0374122379903728e-6,0.0035189409292076634],[1.0636341135098474e-6,4.395721786506815e-6,0.0016144484367946368],[0.003519362824926331,0.0016166311830760423,0.0046614323477441886]],[[3.2314653263133227e-6,0.017603008496642203],[6.161985549847398e-6,0.00802427370063428],[0.000553650708708758,0.008641601976458056]],[[0.01583803568176592],[0.007297413169731772],[0.015469193912472371]],[[3.223617065284461e-6,6.2803711470537905e-6,0.0005682953033118755],[0.017598545024334007,0.007979136727730173,0.007976128214488017]],[[1.0441870734423617e-5,0.002611935521477301],[0.0025911575978420586,0.018983236527666595]],[[0.002413315472916273],[0.03300314306239246]],[[0.01583803568176592,0.007297413169731772,0.015469193912472371]],[[0.0023933722996747524,0.04002553265748589]],[[0.061844829447164275]]]],"H_params":{"rcut":[[[10.0,10.0,10.0],[10.0,10.0,10.0],[10.0,10.0,10.0]],[[10.0,10.0],[10.0,10.0],[10.0,10.0]],[[10.0],[10.0],[10.0]],[[10.0,10.0,10.0],[10.0,10.0,10.0]],[[10.0,10.0],[10.0,10.0]],[[10.0],[10.0]],[[10.0,10.0,10.0]],[[10.0,10.0]],[[10.0]]],"maxdeg":[[[6,6,6],[6,6,6],[6,6,6]],[[6,6],[6,6],[6,6]],[[6],[6],[6]],[[6,6,6],[6,6,6]],[[6,6],[6,6]],[[6],[6]],[[6,6,6]],[[6,6]],[[6]]],"order":[[[1,1,1],[1,1,1],[1,1,1]],[[1,1],[1,1],[1,1]],[[1],[1],[1]],[[1,1,1],[1,1,1]],[[1,1],[1,1]],[[1],[1]],[[1,1,1]],[[1,1]],[[1]]],"reg_type":2,"reg_par":[[[1.0e-7,1.0e-7,1.0e-7],[1.0e-7,1.0e-7,1.0e-7],[1.0e-7,1.0e-7,1.0e-7]],[[1.0e-7,1.0e-7],[1.0e-7,1.0e-7],[1.0e-7,1.0e-7]],[[1.0e-7],[1.0e-7],[1.0e-7]],[[1.0e-7,1.0e-7,1.0e-7],[1.0e-7,1.0e-7,1.0e-7]],[[1.0e-7,1.0e-7],[1.0e-7,1.0e-7]],[[1.0e-7],[1.0e-7]],[[1.0e-7,1.0e-7,1.0e-7]],[[1.0e-7,1.0e-7]],[[1.0e-7]]],"__id__":"Paramset","Solver":"LSQR"},"S_error":[[[[0.0,1.8160113977003753e-9,9.145579939061605e-5],[1.8161002720833744e-9,9.469391034293854e-8,0.0004498788067298663],[9.145579917096263e-5,0.0004498775612100109,0.0006897480545445003]],[[5.024337761407917e-9,0.00036256339246585803],[8.525457617380457e-8,0.0017632459469846978],[0.00027526377274078204,0.0017945763521293257]],[[0.0003580042974256051],[0.0020388147829797473],[0.0013908482542250294]],[[5.025128778782094e-9,8.545843536277283e-8,0.0002752699969077078],[0.0003625633926690414,0.0017632446963141612,0.0017943640150547902]],[[4.2869103174466583e-7,0.0015052517024200121],[0.001505246280895843,0.0023271392671583638]],[[0.0011965233383720933],[0.007884390391363386]],[[0.0003580042974256051,0.0020388147829797473,0.0013908482542250294]],[[0.0011965190938304053,0.007884072163651714]],[[0.010131750649617398]]],[[[0.0,1.0568909449989849e-9,5.268763982461949e-5],[1.0599110694035262e-9,5.537780020128848e-8,0.0002525932504688933],[5.268793751579523e-5,0.00025259716170873903,0.0003876353390480131]],[[2.228028162254583e-9,0.00020825542492281828],[4.763004743191925e-8,0.0009898818834184573],[0.00015637453927364227,0.0010022993756473835]],[[0.0002155875841049123],[0.0012452686757609608],[0.0007748427488485557]],[[2.226237615130782e-9,4.834797355783616e-8,0.00015637607291888814],[0.00020825523846783087,0.0009898766908608336,0.0010022688500143362]],[[2.5847845987659047e-7,0.0008716341621905628],[0.0008715899948984959,0.0014033819779000342]],[[0.0006832482440509753],[0.004631782407840202]],[[0.0002155875841049123,0.0012452686757609608,0.0007748427488485557]],[[0.0006832578471049119,0.004632054638100224]],[[0.005743896459271186]]]]}