{"S_params":{"rcut":[[[10.0,10.0,10.0],[10.0,10.0,10.0],[10.0,10.0,10.0]],[[10.0,10.0],[10.0,10.0],[10.0,10.0]],[[10.0],[10.0],[10.0]],[[10.0,10.0,10.0],[10.0,10.0,10.0]],[[10.0,10.0],[10.0,10.0]],[[10.0],[10.0]],[[10.0,10.0,10.0]],[[10.0,10.0]],[[10.0]]],"maxdeg":[[[9,9,9],[9,9,9],[9,9,9]],[[9,9],[9,9],[9,9]],[[9],[9],[9]],[[9,9,9],[9,9,9]],[[9,9],[9,9]],[[9],[9]],[[9,9,9]],[[9,9]],[[9]]],"order":[[[1,1,1],[1,1,1],[1,1,1]],[[1,1],[1,1],[1,1]],[[1],[1],[1]],[[1,1,1],[1,1,1]],[[1,1],[1,1]],[[1],[1]],[[1,1,1]],[[1,1]],[[1]]],"reg_type":2,"reg_par":[[[1.0e-7,1.0e-7,1.0e-7],[1.0e-7,1.0e-7,1.0e-7],[1.0e-7,1.0e-7,1.0e-7]],[[1.0e-7,1.0e-7],[1.0e-7,1.0e-7],[1.0e-7,1.0e-7]],[[1.0e-7],[1.0e-7],[1.0e-7]],[[1.0e-7,1.0e-7,1.0e-7],[1.0e-7,1.0e-7,1.0e-7]],[[1.0e-7,1.0e-7],[1.0e-7,1.0e-7]],[[1.0e-7],[1.0e-7]],[[1.0e-7,1.0e-7,1.0e-7]],[[1.0e-7,1.0e-7]],[[1.0e-7]]],"__id__":"Paramset","Solver":"LSQR"},"H_error":[[[[0.0,1.2090590511601828e-6,0.004449929571963076],[1.1713542142901129e-6,5.596287165412622e-6,0.0016757342823075596],[0.004450294838737216,0.0016692182095416476,0.0037945167504947453]],[[3.354259187439576e-6,0.01840774883165197],[6.56743221834243e-6,0.00689158118177294],[0.0008172755178368849,0.007863619975809932]],[[0.019455087032128112],[0.00831098633311795],[0.011859732553333379]],[[3.3565170847206595e-6,6.624334754968667e-6,0.0008708089171564189],[0.01853183453548509,0.00689128800411935,0.007080049306600492]],[[9.953066577614532e-6,0.003579261700265009],[0.003571127746737895,0.020395200260229212]],[[0.0030735636199328994],[0.02916780217483782]],[[0.019455087032128112,0.00831098633311795,0.011859732553333379]],[[0.003065821649016843,0.037921947345866826]],[[0.054411602673515455]]],[[[0.0,1.419906366057037e-6,0.003014501670720534],[1.3275025010223471e-6,6.309776254294598e-6,0.0012216873800444425],[0.003009578498609949,0.0012053603453753819,0.004160366807489114]],[[3.422691135707412e-6,0.01199061672016655],[6.4183793733382455e-6,0.0050993759079301405],[0.0005632566088279597,0.006370006433504088]],[[0.012588913398420854],[0.005510912086497254],[0.008643424361739316]],[[3.4043631154198536e-6,6.6870691413271145e-6,0.0005629614547620857],[0.011977972741460955,0.005079389040361323,0.005535255331081353]],[[9.689610421681682e-6,0.002311383051906553],[0.002296454493968466,0.014347517233606041]],[[0.0019316405538861057],[0.020410639439488468]],[[0.012588913398420854,0.005510912086497254,0.008643424361739316]],[[0.0019119162093015766,0.02794079145955993]],[[0.04132841727910625]]]],"H_params":{"rcut":[[[10.0,10.0,10.0],[10.0,10.0,10.0],[10.0,10.0,10.0]],[[10.0,10.0],[10.0,10.0],[10.0,10.0]],[[10.0],[10.0],[10.0]],[[10.0,10.0,10.0],[10.0,10.0,10.0]],[[10.0,10.0],[10.0,10.0]],[[10.0],[10.0]],[[10.0,10.0,10.0]],[[10.0,10.0]],[[10.0]]],"maxdeg":[[[7,7,7],[7,7,7],[7,7,7]],[[7,7],[7,7],[7,7]],[[7],[7],[7]],[[7,7,7],[7,7,7]],[[7,7],[7,7]],[[7],[7]],[[7,7,7]],[[7,7]],[[7]]],"order":[[[1,1,1],[1,1,1],[1,1,1]],[[1,1],[1,1],[1,1]],[[1],[1],[1]],[[1,1,1],[1,1,1]],[[1,1],[1,1]],[[1],[1]],[[1,1,1]],[[1,1]],[[1]]],"reg_type":2,"reg_par":[[[1.0e-7,1.0e-7,1.0e-7],[1.0e-7,1.0e-7,1.0e-7],[1.0e-7,1.0e-7,1.0e-7]],[[1.0e-7,1.0e-7],[1.0e-7,1.0e-7],[1.0e-7,1.0e-7]],[[1.0e-7],[1.0e-7],[1.0e-7]],[[1.0e-7,1.0e-7,1.0e-7],[1.0e-7,1.0e-7,1.0e-7]],[[1.0e-7,1.0e-7],[1.0e-7,1.0e-7]],[[1.0e-7],[1.0e-7]],[[1.0e-7,1.0e-7,1.0e-7]],[[1.0e-7,1.0e-7]],[[1.0e-7]]],"__id__":"Paramset","Solver":"LSQR"},"S_error":[[[[0.0,3.472865676552522e-9,9.47649889254078e-5],[4.3737983643091925e-9,2.109577037008936e-8,0.0004784878062404666],[9.476498882384879e-5,0.0004784875001187676,0.0005838225112410595]],[[7.697501333551712e-9,0.00037934417589453943],[2.630780299459074e-8,0.0018979318183818198],[0.0002455390345347189,0.0015948869605613277]],[[0.0002950216947835056],[0.001428037864279291],[0.0013894952461605554]],[[4.709290611487909e-9,8.347939939844503e-8,0.0002455437084891598],[0.00037934417608830756,0.0018979315066983097,0.0015946756889319675]],[[5.371637897411767e-8,0.0010866929604959118],[0.0010866832666782717,0.0019164194685128615]],[[0.0011488403904009444],[0.0031819270273164696]],[[0.0002950216947835056,0.001428037864279291,0.0013894952461605554]],[[0.0011488369097261992,0.0031816739441885653]],[[0.008443388725981198]]],[[[0.0,2.708332521765366e-9,5.511088241211129e-5],[3.086810463666671e-9,1.127055045056252e-8,0.00027204939538942976],[5.511091385958043e-5,0.00027205504897476353,0.0003362498944975485]],[[4.055473126152763e-9,0.00021972831283688068],[1.7765794558369786e-8,0.001075228847193966],[0.00013767009163741464,0.0009139806535966874]],[[0.00016963400066253995],[0.0008011126041525553],[0.0007705273979106713]],[[2.001631273745316e-9,6.645951237313689e-8,0.0001376745971670361],[0.00021972843317589707,0.001075234949604827,0.0009137613686102278]],[[3.0785075719843335e-8,0.0006205027339553616],[0.0006205029626316336,0.0010705799248341206]],[[0.0006674380217674149],[0.001954187276961321]],[[0.00016963400066253995,0.0008011126041525553,0.0007705273979106713]],[[0.0006674513922323452,0.0019543013562461167]],[[0.004943808626165859]]]]}