{"S_params":{"rcut":[[[10.0,10.0,10.0],[10.0,10.0,10.0],[10.0,10.0,10.0]],[[10.0,10.0],[10.0,10.0],[10.0,10.0]],[[10.0],[10.0],[10.0]],[[10.0,10.0,10.0],[10.0,10.0,10.0]],[[10.0,10.0],[10.0,10.0]],[[10.0],[10.0]],[[10.0,10.0,10.0]],[[10.0,10.0]],[[10.0]]],"maxdeg":[[[13,13,13],[13,13,13],[13,13,13]],[[13,13],[13,13],[13,13]],[[13],[13],[13]],[[13,13,13],[13,13,13]],[[13,13],[13,13]],[[13],[13]],[[13,13,13]],[[13,13]],[[13]]],"order":[[[1,1,1],[1,1,1],[1,1,1]],[[1,1],[1,1],[1,1]],[[1],[1],[1]],[[1,1,1],[1,1,1]],[[1,1],[1,1]],[[1],[1]],[[1,1,1]],[[1,1]],[[1]]],"reg_type":2,"reg_par":[[[1.0e-7,1.0e-7,1.0e-7],[1.0e-7,1.0e-7,1.0e-7],[1.0e-7,1.0e-7,1.0e-7]],[[1.0e-7,1.0e-7],[1.0e-7,1.0e-7],[1.0e-7,1.0e-7]],[[1.0e-7],[1.0e-7],[1.0e-7]],[[1.0e-7,1.0e-7,1.0e-7],[1.0e-7,1.0e-7,1.0e-7]],[[1.0e-7,1.0e-7],[1.0e-7,1.0e-7]],[[1.0e-7],[1.0e-7]],[[1.0e-7,1.0e-7,1.0e-7]],[[1.0e-7,1.0e-7]],[[1.0e-7]]],"__id__":"Paramset","Solver":"LSQR"},"H_error":[[[[0.0,2.668773294361103e-7,0.0023101526485512793],[2.6878009190403743e-7,1.5184354470829117e-6,0.0006656059308665818],[0.00230998763876501,0.0006614440442437793,0.0020715412822494158]],[[1.1672760037919952e-6,0.009227487281826902],[2.541008785350238e-6,0.0025824730506648695],[0.0003640239368890529,0.0029225868784308]],[[0.008292617580287967],[0.0025060539760167417],[0.0031721379818263097]],[[1.1617551344924837e-6,2.5276161747719864e-6,0.0003632473523608853],[0.009233669477764305,0.00256692848541199,0.002961126509445556]],[[3.28159135600515e-6,0.0016534163009413025],[0.0016496181829408207,0.006506827638836157]],[[0.0014419715998402404],[0.00773974745589555]],[[0.008292617580287967,0.0025060539760167417,0.0031721379818263097]],[[0.001430377520752642,0.016376993237036692]],[[0.019956678189688888]]],[[[0.0,3.8135988361854583e-7,0.0022423227403373758],[3.845825171981862e-7,2.156927267525044e-6,0.0008703460180346571],[0.0022408501407160837,0.0008452724232309907,0.004377686853232659]],[[2.1562585533690687e-6,0.007149576532335055],[4.555894054476729e-6,0.002341314110909597],[0.00038699909262976374,0.004367365870581185]],[[0.006690798919617212],[0.0023083179928279672],[0.002999805781892969]],[[2.170943913513695e-6,4.534358473129041e-6,0.0003867603330770523],[0.0072132915927989325,0.0023188741027563905,0.00430308506256914]],[[4.726834351330778e-6,0.0014963833980118143],[0.001519769928097014,0.005602555277552254]],[[0.0011823966751598654],[0.0065444335128897165]],[[0.006690798919617212,0.0023083179928279672,0.002999805781892969]],[[0.0011810794761461171,0.013546316281975338]],[[0.014192588410270374]]]],"H_params":{"rcut":[[[10.0,10.0,10.0],[10.0,10.0,10.0],[10.0,10.0,10.0]],[[10.0,10.0],[10.0,10.0],[10.0,10.0]],[[10.0],[10.0],[10.0]],[[10.0,10.0,10.0],[10.0,10.0,10.0]],[[10.0,10.0],[10.0,10.0]],[[10.0],[10.0]],[[10.0,10.0,10.0]],[[10.0,10.0]],[[10.0]]],"maxdeg":[[[11,11,11],[11,11,11],[11,11,11]],[[11,11],[11,11],[11,11]],[[11],[11],[11]],[[11,11,11],[11,11,11]],[[11,11],[11,11]],[[11],[11]],[[11,11,11]],[[11,11]],[[11]]],"order":[[[1,1,1],[1,1,1],[1,1,1]],[[1,1],[1,1],[1,1]],[[1],[1],[1]],[[1,1,1],[1,1,1]],[[1,1],[1,1]],[[1],[1]],[[1,1,1]],[[1,1]],[[1]]],"reg_type":2,"reg_par":[[[1.0e-7,1.0e-7,1.0e-7],[1.0e-7,1.0e-7,1.0e-7],[1.0e-7,1.0e-7,1.0e-7]],[[1.0e-7,1.0e-7],[1.0e-7,1.0e-7],[1.0e-7,1.0e-7]],[[1.0e-7],[1.0e-7],[1.0e-7]],[[1.0e-7,1.0e-7,1.0e-7],[1.0e-7,1.0e-7,1.0e-7]],[[1.0e-7,1.0e-7],[1.0e-7,1.0e-7]],[[1.0e-7],[1.0e-7]],[[1.0e-7,1.0e-7,1.0e-7]],[[1.0e-7,1.0e-7]],[[1.0e-7]]],"__id__":"Paramset","Solver":"LSQR"},"S_error":[[[[0.0,2.113160210898383e-9,4.3526617182289585e-5],[2.113160413182215e-9,3.379637125206484e-8,0.00016894982816088907],[4.352661746784194e-5,0.0001689543081679138,0.00017221941078534615]],[[3.754299340358746e-9,0.00017123679658928627],[3.139597919647345e-8,0.0006714914866927311],[0.00014155184596983286,0.0003966565941912317]],[[0.00018870918381300397],[0.0007368928662394812],[0.0005334866384586356]],[[3.754299363449528e-9,3.014845885024391e-8,0.00014155142017630568],[0.00017123679712710362,0.0006714950599971421,0.0003970437860122884]],[[1.176554086922289e-7,0.0005873397125082632],[0.0005873409145495688,0.0005111974019436233]],[[0.0005201339477668619],[0.0004684533286079203]],[[0.00018870918381300397,0.0007368928662394812,0.0005334866384586356]],[[0.0005201353653846809,0.0004685962283030422]],[[0.0011267931388294749]]],[[[0.0,1.2846784708268973e-9,2.6173871379628784e-5],[1.2846874092570312e-9,2.1628305593315343e-8,0.00010135343721105445],[2.6173894426432405e-5,0.00010134792582507966,0.0001054502640286226]],[[1.7093215736714738e-9,0.00010287843796466242],[2.1590309615269975e-8,0.0004011727751257435],[7.678821696444059e-5,0.0002392157160126484]],[[0.00010959564551919765],[0.00041257571484197894],[0.000298911592949117]],[[1.7093220439903191e-9,2.006968619033888e-8,7.679821747067403e-5],[0.00010287848715718186,0.0004011662749565348,0.00023965937760786905]],[[7.341065071205131e-8,0.00033730474944870765],[0.00033728839770424333,0.00028182582065213753]],[[0.00030161443346297224],[0.0002654059393568673]],[[0.00010959564551919765,0.00041257571484197894,0.000298911592949117]],[[0.0003015981597567495,0.00026535557813957646]],[[0.0006628611987648223]]]]}